<?xml version="1.0" encoding="UTF-8"?>
<project-private xmlns="http://www.netbeans.org/ns/project-private/1">
    <editor-bookmarks xmlns="http://www.netbeans.org/ns/editor-bookmarks/2" lastBookmarkId="0"/>
    <open-files xmlns="http://www.netbeans.org/ns/projectui-open-files/2">
        <group>
            <file>file:/C:/Users/hsviv/OneDrive/Documents/NetBeansProjects/inventory/src/StaffRoom.java</file>
            <file>file:/C:/Users/hsviv/OneDrive/Documents/NetBeansProjects/inventory/src/classroom.java</file>
            <file>file:/C:/Users/hsviv/OneDrive/Documents/NetBeansProjects/inventory/src/forget.java</file>
            <file>file:/C:/Users/hsviv/OneDrive/Documents/NetBeansProjects/inventory/src/f1.java</file>
            <file>file:/C:/Users/hsviv/OneDrive/Documents/NetBeansProjects/inventory/src/LAB.java</file>
            <file>file:/C:/Users/hsviv/OneDrive/Documents/NetBeansProjects/inventory/src/signup.java</file>
            <file>file:/C:/Users/hsviv/OneDrive/Documents/NetBeansProjects/inventory/src/Hod.java</file>
            <file>file:/C:/Users/hsviv/OneDrive/Documents/NetBeansProjects/inventory/src/corridor.java</file>
            <file>file:/C:/Users/hsviv/OneDrive/Documents/NetBeansProjects/inventory/src/loading.java</file>
            <file>file:/C:/Users/hsviv/OneDrive/Documents/NetBeansProjects/inventory/src/login.java</file>
        </group>
    </open-files>
</project-private>
